ORDERNUMBER,QUANTITYORDERED,PRICEEACH,ORDERLINENUMBER,SALES,ORDER DATE,STATUS,QTR_ID,MONTH_ID,YEAR_ID,PRODUCTLINE,MSRP,PRODUCTCODE,CUSTOMERNAME,PHONE,ADDRESS,POSTALCODE,TERRITORY,CONTACTLASTNAME,CONTACTFIRSTNAME,DEALSIZE
10100,30,100,3,5151,06-01-2003,Shipped,1,1,2003,Vintage Cars,170,S18_1749,Online Diecast Creations Co.,6035558647,2304 Long Airport Avenue  Nashua NH USA,62005,NA,Young,Valarie,Medium
10101,25,100,4,3782,09-01-2003,Shipped,1,1,2003,Vintage Cars,127,S18_2325,"Blauer See Auto, Co.",+49 69 66 90 2555,Lyonerstr. 34  Frankfurt  Germany,60528,EMEA,Keitel,Roland,Medium
10102,39,100,2,4808.31,10-01-2003,Shipped,1,1,2003,Vintage Cars,102,S18_1342,Vitachrome Inc.,2125551500,2678 Kingston Rd. Suite 101 NYC NY USA,10022,NA,Frick,Michael,Medium
10103,26,100,11,5404.62,29-01-2003,Shipped,1,1,2003,Classic Cars,214,S10_1949,Baane Mini Imports,07-98 9555,Erling Skakkes gate 78  Stavern  Norway,4110,EMEA,Bergulfsen,Jonas,Medium
10104,34,100,1,5958.5,31-01-2003,Shipped,1,1,2003,Classic Cars,151,S12_3148,Euro Shopping Channel,(91) 555 94 44,"C/ Moralzarzal, 86  Madrid  Spain",28034,EMEA,Freyre,Diego,Medium
10105,50,100,2,7208,11-02-2003,Shipped,1,2,2003,Classic Cars,136,S10_4757,Danish Wholesale Imports,31 12 3555,Vinb'ltet 34  Kobenhavn  Denmark,1734,EMEA,Petersen,Jytte,Large
10106,36,100,12,5279.4,17-02-2003,Shipped,1,2,2003,Planes,157,S18_1662,Rovelli Gifts,035-640555,Via Ludovico il Moro 22  Bergamo  Italy,24100,EMEA,Rovelli,Giovanni,Medium
10107,30,95.7,2,2871,24-02-2003,Shipped,1,2,2003,Motorcycles,95,S10_1678,Land of Toys Inc.,2125557818,897 Long Airport Avenue  NYC NY USA,10022,NA,Yu,Kwai,Small
10108,33,100,6,5265.15,03-03-2003,Shipped,1,3,2003,Classic Cars,194,S12_1099,Cruz & Sons Co.,+63 2 555 3587,15 McCallum Street - NatWest Center #13-03  Makati City  Philippines,1227 MM,Japan,Cruz,Arnold,Medium
10109,26,100,4,4379.18,10-03-2003,Shipped,1,3,2003,Classic Cars,141,S18_1129,Motor Mint Distributors Inc.,2155559857,11328 Douglas Av.  Philadelphia PA USA,71270,NA,Hernandez,Rosa,Medium
10110,37,100,16,5433.08,18-03-2003,Shipped,1,3,2003,Classic Cars,124,S18_1589,"AV Stores, Co.",(171) 555-1555,Fauntleroy Circus  Manchester  UK,EC2 5NT,EMEA,Ashworth,Victoria,Medium
10112,29,100,1,7209.11,24-03-2003,Shipped,1,3,2003,Classic Cars,214,S10_1949,"Volvo Model Replicas, Co",0921-12 3555,Berguvsv„gen  8  Lule  Sweden,S-958 22,EMEA,Berglund,Christina,Large
10111,33,99.66,6,3288.78,25-03-2003,Shipped,1,3,2003,Vintage Cars,102,S18_1342,Mini Wheels Co.,6505555787,5557 North Pendale Street  San Francisco CA USA,25712,NA,Murphy,Julie,Medium
10113,21,100,2,3415.44,26-03-2003,Shipped,1,3,2003,Trucks and Buses,136,S12_1666,Mini Gifts Distributors Ltd.,4155551450,5677 Strong St.  San Rafael CA USA,97562,NA,Nelson,Valarie,Medium
10114,31,100,8,4305.28,01-04-2003,Shipped,2,4,2003,Classic Cars,147,S10_4962,"La Corne D'abondance, Co.",(1) 42.34.2555,"265, boulevard Charonne  Paris  France",75012,EMEA,Bertrand,Marie,Medium
10115,46,100,5,5723.78,04-04-2003,Shipped,2,4,2003,Trucks and Buses,118,S12_4473,Classic Legends Inc.,2125558493,5905 Pompton St. Suite 750 NYC NY USA,10022,NA,Hernandez,Maria,Medium
10116,27,63.38,1,1711.26,11-04-2003,Shipped,2,4,2003,Trains,62,S32_3207,Royale Belge,(071) 23 67 2555,"Boulevard Tirou, 255  Charleroi  Belgium",B-6000,EMEA,Cartrain,Pascale,Small
10117,33,100,9,6034.38,16-04-2003,Shipped,2,4,2003,Classic Cars,207,S12_1108,"Dragon Souveniers, Ltd.",+65 221 7555,"Bronz Sok., Bronz Apt. 3/6 Tesvikiye  Singapore  Singapore",79903,Japan,Natividad,Eric,Medium
10118,36,100,1,4219.2,21-04-2003,Shipped,2,4,2003,Ships,100,S700_3505,Enaco Distributors,(93) 203 4555,"Rambla de Catalu¤a, 23  Barcelona  Spain",8022,EMEA,Saavedra,Eduardo,Medium
10119,46,100,11,5004.8,28-04-2003,Shipped,2,4,2003,Classic Cars,136,S10_4757,Salzburg Collectables,6562-9555,Geislweg 14  Salzburg  Austria,5020,EMEA,Pipps,Georg,Medium
10120,29,96.34,3,2793.86,29-04-2003,Shipped,2,4,2003,Motorcycles,118,S10_2016,"Australian Collectors, Co.",03 9520 4555,636 St Kilda Road Level 3 Melbourne Victoria Australia,3004,APAC,Ferguson,Peter,Small
10121,34,81.35,5,2765.9,07-05-2003,Shipped,2,5,2003,Motorcycles,95,S10_1678,Reims Collectables,26.47.1555,59 rue de l'Abbaye  Reims  France,51100,EMEA,Henriot,Paul,Small
10122,42,100,10,7599.9,08-05-2003,Shipped,2,5,2003,Classic Cars,194,S12_1099,Marseille Mini Autos,91.24.4555,"12, rue des Bouchers  Marseille  France",13008,EMEA,Lebihan,Laurence,Large
10123,26,100,2,3073.72,20-05-2003,Shipped,2,5,2003,Classic Cars,124,S18_1589,Atelier graphique,40.32.2555,"54, rue Royale  Nantes  France",44000,EMEA,Schmitt,Carine,Medium
10125,32,100,1,3254.72,21-05-2003,Shipped,2,5,2003,Vintage Cars,102,S18_1342,"Australian Collectors, Co.",03 9520 4555,636 St Kilda Road Level 3 Melbourne Victoria Australia,3004,APAC,Ferguson,Peter,Medium
10124,21,100,6,2856,21-05-2003,Shipped,2,5,2003,Vintage Cars,170,S18_1749,Signal Gift Stores,7025551838,8489 Strong St.  Las Vegas NV USA,83030,NA,King,Sue,Small
10126,38,100,11,7329.06,28-05-2003,Shipped,2,5,2003,Classic Cars,214,S10_1949,"Corrida Auto Replicas, Ltd",(91) 555 22 82,"C/ Araquil, 67  Madrid  Spain",28023,EMEA,Sommer,Mart¡n,Large
10127,46,100,2,11279.2,03-06-2003,Shipped,2,6,2003,Classic Cars,207,S12_1108,Muscle Machine Inc,2125557413,4092 Furth Circle Suite 400 NYC NY USA,10022,NA,Young,Jeff,Large
10128,41,100,2,5544.02,06-06-2003,Shipped,2,6,2003,Vintage Cars,136,S18_3140,Euro Shopping Channel,(91) 555 94 44,"C/ Moralzarzal, 86  Madrid  Spain",28034,EMEA,Freyre,Diego,Medium
10129,33,100,2,4398.24,12-06-2003,Shipped,2,6,2003,Classic Cars,136,S10_4757,"Stylish Desk Decors, Co.",(171) 555-0297,35 King George  London  UK,WX3 6FW,EMEA,Brown,Ann,Medium
10131,21,100,4,2781.66,16-06-2003,Shipped,2,6,2003,Planes,157,S18_1662,Gift Ideas Corp.,2035554407,2440 Pompton St.  Glendale CT USA,97561,NA,Lewis,Dan,Small
10130,40,96.34,2,3853.6,16-06-2003,Shipped,2,6,2003,Ships,86,S18_3029,Auto-Moto Classics Inc.,6175558428,16780 Pompton St.  Brickhaven MA USA,58339,NA,Taylor,Leslie,Medium
10133,49,69.27,3,3394.23,27-06-2003,Shipped,2,6,2003,Planes,84,S18_2581,Euro Shopping Channel,(91) 555 94 44,"C/ Moralzarzal, 86  Madrid  Spain",28034,EMEA,Freyre,Diego,Medium
10134,41,94.74,2,3884.34,01-07-2003,Shipped,3,7,2003,Motorcycles,95,S10_1678,Lyon Souveniers,+33 1 46 62 7555,27 rue du Colonel Pierre Avia  Paris  France,75508,EMEA,Da Cunha,Daniel,Medium
10135,42,100,7,8008.56,02-07-2003,Shipped,3,7,2003,Classic Cars,194,S12_1099,Mini Gifts Distributors Ltd.,4155551450,5677 Strong St.  San Rafael CA USA,97562,NA,Nelson,Valarie,Large
10136,25,100,2,3644.75,04-07-2003,Shipped,3,7,2003,Classic Cars,141,S18_1129,Alpha Cognac,61.77.6555,1 rue Alsace-Lorraine  Toulouse  France,31000,EMEA,Roulet,Annette,Medium
10137,44,99.55,2,4380.2,10-07-2003,Shipped,3,7,2003,Classic Cars,124,S18_1589,Reims Collectables,26.47.1555,59 rue de l'Abbaye  Reims  France,51100,EMEA,Henriot,Paul,Medium
10139,31,100,7,3184.94,16-07-2003,Shipped,3,7,2003,Vintage Cars,102,S18_1342,Souveniers And Things Co.,+61 2 9495 8555,"Monitor Money Building, 815 Pacific Hwy Level 6 Chatswood NSW Australia",2067,APAC,Huxley,Adrian,Medium
10140,37,100,11,7374.1,24-07-2003,Shipped,3,7,2003,Classic Cars,214,S10_1949,Technics Stores Inc.,6505556809,9408 Furth Circle  Burlingame CA USA,94217,NA,Hirano,Juri,Large
10141,21,100,5,2140.11,01-08-2003,Shipped,3,8,2003,Trucks and Buses,118,S12_4473,Suominen Souveniers,+358 9 8045 555,"Software Engineering Center, SEC Oy  Espoo  Finland",FIN-02271,EMEA,Suominen,Kalle,Small
10142,33,100,12,8023.29,08-08-2003,Shipped,3,8,2003,Classic Cars,207,S12_1108,Mini Gifts Distributors Ltd.,4155551450,5677 Strong St.  San Rafael CA USA,97562,NA,Nelson,Valarie,Large
10143,49,100,15,5597.76,10-08-2003,Shipped,3,8,2003,Classic Cars,136,S10_4757,Mini Creations Ltd.,5085559555,4575 Hillside Dr.  New Bedford MA USA,50553,NA,Tam,Wing C,Medium
10144,20,81.86,1,1637.2,13-08-2003,Shipped,3,8,2003,Vintage Cars,68,S32_4289,Royale Belge,(071) 23 67 2555,"Boulevard Tirou, 255  Charleroi  Belgium",B-6000,EMEA,Cartrain,Pascale,Small
10145,45,83.26,6,3746.7,25-08-2003,Shipped,3,8,2003,Motorcycles,95,S10_1678,Toys4GrownUps.com,6265557265,78934 Hillside Dr.  Pasadena CA USA,90003,NA,Young,Julie,Medium
10146,47,67.14,2,3155.58,03-09-2003,Shipped,3,9,2003,Motorcycles,62,S18_3782,Gift Ideas Corp.,2035554407,2440 Pompton St.  Glendale CT USA,97561,NA,Lewis,Dan,Medium
10147,48,100,7,9245.76,05-09-2003,Shipped,3,9,2003,Classic Cars,194,S12_1099,Collectables For Less Inc.,6175558555,7825 Douglas Av.  Brickhaven MA USA,58339,NA,Nelson,Allen,Large
10148,23,100,13,2702.04,11-09-2003,Shipped,3,9,2003,Classic Cars,141,S18_1129,"Anna's Decorations, Ltd",02 9936 8555,201 Miller Street Level 15 North Sydney NSW Australia,2060,APAC,O'Hara,Anna,Small
10149,50,100,4,5907.5,12-09-2003,Shipped,3,9,2003,Vintage Cars,102,S18_1342,Signal Collectibles Ltd.,4155554312,2793 Furth Circle  Brisbane CA USA,94217,NA,Taylor,Sue,Medium
10150,45,100,8,10993.5,19-09-2003,Shipped,3,9,2003,Classic Cars,214,S10_1949,"Dragon Souveniers, Ltd.",+65 221 7555,"Bronz Sok., Bronz Apt. 3/6 Tesvikiye  Singapore  Singapore",79903,Japan,Natividad,Eric,Large
10151,24,100,3,3327.6,21-09-2003,Shipped,3,9,2003,Trucks and Buses,118,S12_4473,"Oulu Toy Supplies, Inc.",981-443655,Torikatu 38  Oulu  Finland,90110,EMEA,Koskitalo,Pirkko,Medium
10152,35,100,1,4524.1,25-09-2003,Shipped,3,9,2003,Classic Cars,143,S18_4027,"Australian Gift Network, Co",61-7-3844-6555,31 Duncan St. West End  South Brisbane Queensland Australia,4101,APAC,Calaghan,Tony,Medium
10153,20,100,11,4904,28-09-2003,Shipped,3,9,2003,Classic Cars,207,S12_1108,Euro Shopping Channel,(91) 555 94 44,"C/ Moralzarzal, 86  Madrid  Spain",28034,EMEA,Freyre,Diego,Medium
10154,31,91.17,2,2826.27,02-10-2003,Shipped,4,10,2003,Vintage Cars,88,S24_3151,Boards & Toys Co.,3105552373,4097 Douglas Av.  Glendale CA USA,92561,NA,Young,Leslie,Small
10300,33,100,5,5521.89,04-10-2003,Shipped,4,10,2003,Classic Cars,194,S12_1099,"Blauer See Auto, Co.",+49 69 66 90 2555,Lyonerstr. 34  Frankfurt  Germany,60528,EMEA,Keitel,Roland,Medium
10301,37,100,8,5917.78,05-10-2003,Shipped,4,10,2003,Classic Cars,141,S18_1129,"Norway Gifts By Mail, Co.",+47 2212 1555,"Drammensveien 126 A, PB 744 Sentrum  Oslo  Norway",N 0106,EMEA,Klaeboe,Jan,Medium
10155,32,100,13,4526.08,06-10-2003,Shipped,4,10,2003,Classic Cars,136,S10_4757,"Toys of Finland, Co.",90-224 8555,Keskuskatu 45  Helsinki  Finland,21240,EMEA,Karttunen,Matti,Medium
10302,43,100,1,7310,06-10-2003,Shipped,4,10,2003,Vintage Cars,170,S18_1749,"UK Collectables, Ltd.",(171) 555-2282,Berkeley Gardens 12  Brewery  Liverpool  UK,WX1 6LT,EMEA,Devon,Elizabeth,Large
10156,20,41.02,1,820.4,08-10-2003,Shipped,4,10,2003,Vintage Cars,43,S50_1341,Euro Shopping Channel,(91) 555 94 44,"C/ Moralzarzal, 86  Madrid  Spain",28034,EMEA,Freyre,Diego,Small
10159,49,100,14,5205.27,10-10-2003,Shipped,4,10,2003,Motorcycles,95,S10_1678,Corporate Gift Ideas Co.,6505551386,7734 Strong St.  San Francisco CA USA,25712,NA,Brown,Julie,Medium
10158,22,67.03,1,1474.66,10-10-2003,Shipped,4,10,2003,Motorcycles,76,S24_2000,Baane Mini Imports,07-98 9555,Erling Skakkes gate 78  Stavern  Norway,4110,EMEA,Bergulfsen,Jonas,Small
10160,46,100,6,5294.14,11-10-2003,Shipped,4,10,2003,Classic Cars,117,S12_3380,"Men 'R' US Retailers, Ltd.",2155554369,6047 Douglas Av.  Los Angeles CA USA,25712,NA,Chandler,Michael,Medium
10161,28,100,12,3764.88,17-10-2003,Shipped,4,10,2003,Classic Cars,141,S18_1129,Heintze Collectables,86 21 3555,Smagsloget 45  Aaarhus  Denmark,8200,EMEA,Ibsen,Palle,Medium
10162,48,91.44,2,4389.12,18-10-2003,Shipped,4,10,2003,Vintage Cars,102,S18_1342,Corporate Gift Ideas Co.,6505551386,7734 Strong St.  San Francisco CA USA,25712,NA,Brown,Julie,Medium
10163,21,100,1,4860.24,20-10-2003,Shipped,4,10,2003,Classic Cars,214,S10_1949,Classic Legends Inc.,2125558493,5905 Pompton St. Suite 750 NYC NY USA,10022,NA,Hernandez,Maria,Medium
10166,43,100,2,6930.74,21-10-2003,Shipped,4,10,2003,Vintage Cars,136,S18_3140,FunGiftIdeas.com,5085552555,1785 First Street  New Bedford MA USA,50553,NA,Benitez,Violeta,Medium
10164,21,100,2,3536.82,21-10-2003,Resolved,4,10,2003,Classic Cars,147,S10_4962,Mini Auto Werke,7675-3555,Kirchgasse 6  Graz  Austria,8010,EMEA,Mendel,Roland,Medium
10165,44,100,3,8594.52,22-10-2003,Shipped,4,10,2003,Classic Cars,207,S12_1108,"Dragon Souveniers, Ltd.",+65 221 7555,"Bronz Sok., Bronz Apt. 3/6 Tesvikiye  Singapore  Singapore",79903,Japan,Natividad,Eric,Large
10167,44,100,9,5924.16,23-10-2003,Cancelled,4,10,2003,Classic Cars,136,S10_4757,Scandinavian Gift Ideas,0695-34 6555,?kergatan 24  Boras  Sweden,S-844 67,EMEA,Larsson,Maria,Medium
10168,36,96.66,1,3479.76,28-10-2003,Shipped,4,10,2003,Motorcycles,95,S10_1678,Technics Stores Inc.,6505556809,9408 Furth Circle  Burlingame CA USA,94217,NA,Hirano,Juri,Medium
10169,30,100,2,5019.9,04-11-2003,Shipped,4,11,2003,Classic Cars,194,S12_1099,"Anna's Decorations, Ltd",02 9936 8555,201 Miller Street Level 15 North Sydney NSW Australia,2060,APAC,O'Hara,Anna,Medium
10170,47,100,4,5464.69,04-11-2003,Shipped,4,11,2003,Classic Cars,117,S12_3380,Mini Auto Werke,7675-3555,Kirchgasse 6  Graz  Austria,8010,EMEA,Mendel,Roland,Medium
10171,35,100,2,4508,05-11-2003,Shipped,4,11,2003,Classic Cars,141,S18_1129,Quebec Home Shopping Network,(514) 555-8054,43 rue St. Laurent  Montreal Quebec Canada,H1J 1C3,NA,Fresnisre,Jean,Medium
10172,42,100,6,4965.24,05-11-2003,Shipped,4,11,2003,Classic Cars,124,S18_1589,Gift Depot Inc.,2035552570,25593 South Bay Ln.  Bridgewater CT USA,97562,NA,King,Julie,Medium
10173,43,100,6,5036.16,05-11-2003,Shipped,4,11,2003,Vintage Cars,102,S18_1342,Rovelli Gifts,035-640555,Via Ludovico il Moro 22  Bergamo  Italy,24100,EMEA,Rovelli,Giovanni,Medium
10175,33,100,9,5362.83,06-11-2003,Shipped,4,11,2003,Classic Cars,147,S10_4962,"Stylish Desk Decors, Co.",(171) 555-0297,35 King George  London  UK,WX3 6FW,EMEA,Brown,Ann,Medium
10174,34,100,4,8014.82,06-11-2003,Shipped,4,11,2003,Classic Cars,214,S10_1949,"Australian Gift Network, Co",61-7-3844-6555,31 Duncan St. West End  South Brisbane Queensland Australia,4101,APAC,Calaghan,Tony,Large
10176,33,100,2,7474.5,06-11-2003,Shipped,4,11,2003,Classic Cars,207,S12_1108,L'ordine Souveniers,0522-556555,Strada Provinciale 124  Reggio Emilia  Italy,42100,EMEA,Moroni,Maurizio,Large
10177,23,100,9,3675.63,07-11-2003,Shipped,4,11,2003,Vintage Cars,136,S18_3140,CAF Imports,+34 913 728 555,"Merchants House, 27-30 Merchant's Quay  Madrid  Spain",28023,EMEA,Fernandez,Jesus,Medium
10178,24,100,12,3492.48,08-11-2003,Shipped,4,11,2003,Classic Cars,136,S10_4757,Alpha Cognac,61.77.6555,1 rue Alsace-Lorraine  Toulouse  France,31000,EMEA,Roulet,Annette,Medium
10180,29,86.13,9,2497.77,11-11-2003,Shipped,4,11,2003,Motorcycles,95,S10_1678,Daedalus Designs Imports,20.16.1555,"184, chausse de Tournai  Lille  France",59000,EMEA,Rance,Martine,Small
10181,27,100,14,5411.07,12-11-2003,Shipped,4,11,2003,Classic Cars,194,S12_1099,Herkku Gifts,+47 2267 3215,"Drammen 121, PR 744 Sentrum  Bergen  Norway",N 5804,EMEA,Oeztan,Veysel,Medium
10182,25,87.33,3,2183.25,12-11-2003,Shipped,4,11,2003,Vintage Cars,102,S18_1342,Mini Gifts Distributors Ltd.,4155551450,5677 Strong St.  San Rafael CA USA,97562,NA,Nelson,Valarie,Small
10183,23,100,8,5372.57,13-11-2003,Shipped,4,11,2003,Classic Cars,214,S10_1949,"Classic Gift Ideas, Inc",2155554695,782 First Street  Philadelphia PA USA,71270,NA,Cervantes,Francisca,Medium
10186,26,100,9,3854.24,14-11-2003,Shipped,4,11,2003,Classic Cars,136,S10_4757,"Double Decker Gift Stores, Ltd",(171) 555-7555,120 Hanover Sq.  London  UK,WA1 1DP,EMEA,Hardy,Thomas,Medium
10185,21,100,13,3883.74,14-11-2003,Shipped,4,11,2003,Classic Cars,207,S12_1108,Mini Creations Ltd.,5085559555,4575 Hillside Dr.  New Bedford MA USA,50553,NA,Tam,Wing C,Medium
10184,37,100,6,4516.22,14-11-2003,Shipped,4,11,2003,Trucks and Buses,118,S12_4473,"Iberia Gift Imports, Corp.",(95) 555 82 82,"C/ Romero, 33  Sevilla  Spain",41101,EMEA,Roel,Jose Pedro,Medium
10188,48,100,1,5512.32,18-11-2003,Shipped,4,11,2003,Motorcycles,95,S10_1678,Herkku Gifts,+47 2267 3215,"Drammen 121, PR 744 Sentrum  Bergen  Norway",N 5804,EMEA,Oeztan,Veysel,Medium
10189,28,100,1,4512.48,18-11-2003,Shipped,4,11,2003,Motorcycles,150,S12_2823,Toys4GrownUps.com,6265557265,78934 Hillside Dr.  Pasadena CA USA,90003,NA,Young,Julie,Medium
10190,42,76.19,3,3199.98,19-11-2003,Shipped,4,11,2003,Motorcycles,69,S24_2360,Euro Shopping Channel,(91) 555 94 44,"C/ Moralzarzal, 86  Madrid  Spain",28034,EMEA,Freyre,Diego,Medium
10191,21,100,3,3840.9,20-11-2003,Shipped,4,11,2003,Classic Cars,194,S12_1099,"Toms Spezialitten, Ltd",0221-5554327,Mehrheimerstr. 369  Koln  Germany,50739,EMEA,Pfalzheim,Henriette,Medium
10192,27,100,16,3544.56,20-11-2003,Shipped,4,11,2003,Classic Cars,115,S12_4675,Online Diecast Creations Co.,6035558647,2304 Long Airport Avenue  Nashua NH USA,62005,NA,Young,Valarie,Medium
10193,28,100,7,3106.88,21-11-2003,Shipped,4,11,2003,Vintage Cars,102,S18_1342,"Australian Collectables, Ltd",61-9-3844-6555,7 Allen Street  Glen Waverly Victoria Australia,3150,APAC,Connery,Sean,Medium
10194,42,100,11,7290.36,25-11-2003,Shipped,4,11,2003,Classic Cars,214,S10_1949,"Saveley & Henriot, Co.",78.32.5555,"2, rue du Commerce  Lyon  France",69004,EMEA,Saveley,Mary,Large
10195,49,100,6,6445.46,25-11-2003,Shipped,4,11,2003,Trucks and Buses,118,S12_4473,Mini Classics,9145554562,3758 North Pendale Street  White Plains NY USA,24067,NA,Frick,Steve,Medium
10197,45,100,6,5324.4,26-11-2003,Shipped,4,11,2003,Classic Cars,136,S10_4757,Enaco Distributors,(93) 203 4555,"Rambla de Catalu¤a, 23  Barcelona  Spain",8022,EMEA,Saavedra,Eduardo,Medium
10196,47,100,5,8887.7,26-11-2003,Shipped,4,11,2003,Classic Cars,207,S12_1108,Super Scale Inc.,2035559545,567 North Pendale Street  New Haven CT USA,97823,NA,Murphy,Leslie,Large
10198,42,100,4,7483.98,27-11-2003,Shipped,4,11,2003,Planes,157,S18_1662,Cruz & Sons Co.,+63 2 555 3587,15 McCallum Street - NatWest Center #13-03  Makati City  Philippines,1227 MM,Japan,Cruz,Arnold,Large
10201,22,98.57,2,2168.54,01-12-2003,Shipped,4,12,2003,Motorcycles,95,S10_1678,Mini Wheels Co.,6505555787,5557 North Pendale Street  San Francisco CA USA,25712,NA,Murphy,Julie,Small
10199,29,38.4,1,1113.6,01-12-2003,Shipped,4,12,2003,Vintage Cars,43,S50_1341,West Coast Collectables Co.,3105553722,3675 Furth Circle  Burbank CA USA,94019,NA,Thompson,Steve,Small
10203,20,100,8,3930.4,02-12-2003,Shipped,4,12,2003,Classic Cars,194,S12_1099,Euro Shopping Channel,(91) 555 94 44,"C/ Moralzarzal, 86  Madrid  Spain",28034,EMEA,Freyre,Diego,Medium
10204,42,100,17,6182.4,02-12-2003,Shipped,4,12,2003,Classic Cars,141,S18_1129,Muscle Machine Inc,2125557413,4092 Furth Circle Suite 400 NYC NY USA,10022,NA,Young,Jeff,Medium
10205,36,100,2,3735.72,03-12-2003,Shipped,4,12,2003,Vintage Cars,102,S18_1342,Euro Shopping Channel,(91) 555 94 44,"C/ Moralzarzal, 86  Madrid  Spain",28034,EMEA,Freyre,Diego,Medium
10206,47,100,6,9064.89,05-12-2003,Shipped,4,12,2003,Classic Cars,214,S10_1949,Canadian Gift Exchange Network,(604) 555-3392,1900 Oak St.  Vancouver BC Canada,V3F 2K1,NA,Tannamuri,Yoshi,Large
10207,31,100,15,4076.19,09-12-2003,Shipped,4,12,2003,Classic Cars,147,S10_4962,Diecast Collectables,6175552555,6251 Ingle Ln.  Boston MA USA,51003,NA,Franco,Valarie,Medium
10208,46,100,13,8602.92,02-01-2004,Shipped,1,1,2004,Classic Cars,207,S12_1108,"Saveley & Henriot, Co.",78.32.5555,"2, rue du Commerce  Lyon  France",69004,EMEA,Saveley,Mary,Large
10209,39,100,8,5197.92,09-01-2004,Shipped,1,1,2004,Classic Cars,136,S10_4757,"Men 'R' US Retailers, Ltd.",2155554369,6047 Douglas Av.  Los Angeles CA USA,25712,NA,Chandler,Michael,Medium
10210,23,100,2,3009.09,12-01-2004,Shipped,1,1,2004,Motorcycles,118,S10_2016,Osaka Souveniers Co.,+81 06 6342 5555,"Dojima Avanza 4F, 1-6-20 Dojima, Kita-ku  Osaka Osaka Japan",530-0003,Japan,Kentary,Mory,Medium
10211,41,100,14,4708.44,15-01-2004,Shipped,1,1,2004,Motorcycles,95,S10_1678,Auto Canal Petit,(1) 47.55.6555,"25, rue Lauriston  Paris  France",75016,EMEA,Perrier,Dominique,Medium
10212,39,100,16,4946.76,16-01-2004,Shipped,1,1,2004,Classic Cars,117,S12_3380,Euro Shopping Channel,(91) 555 94 44,"C/ Moralzarzal, 86  Madrid  Spain",28034,EMEA,Freyre,Diego,Medium
10213,38,94.79,1,3602.02,22-01-2004,Shipped,1,1,2004,Vintage Cars,92,S18_4409,"Double Decker Gift Stores, Ltd",(171) 555-7555,120 Hanover Sq.  London  UK,WA1 1DP,EMEA,Hardy,Thomas,Medium
10214,30,100,7,5967,26-01-2004,Shipped,1,1,2004,Vintage Cars,170,S18_1749,"Corrida Auto Replicas, Ltd",(91) 555 22 82,"C/ Araquil, 67  Madrid  Spain",28023,EMEA,Sommer,Mart¡n,Medium
10215,35,100,3,6075.3,29-01-2004,Shipped,1,1,2004,Classic Cars,214,S10_1949,West Coast Collectables Co.,3105553722,3675 Furth Circle  Burbank CA USA,94019,NA,Thompson,Steve,Medium
10216,43,100,1,5759.42,02-02-2004,Shipped,1,2,2004,Trucks and Buses,136,S12_1666,Auto Assoc. & Cie.,30.59.8555,"67, avenue de l'Europe  Versailles  France",78000,EMEA,Tonini,Daniel,Medium
10217,48,100,4,7020.48,04-02-2004,Shipped,1,2,2004,Classic Cars,147,S10_4962,Handji Gifts& Co,+65 224 1555,Village Close - 106 Linden Road Sandown 2nd Floor Singapore  Singapore,69045,APAC,Victorino,Wendy,Large
10219,48,100,2,4891.68,10-02-2004,Shipped,1,2,2004,Trucks and Buses,118,S12_4473,Signal Collectibles Ltd.,4155554312,2793 Furth Circle  Brisbane CA USA,94217,NA,Taylor,Sue,Medium
10220,32,100,2,7181.44,12-02-2004,Shipped,1,2,2004,Classic Cars,207,S12_1108,"Clover Collections, Co.",+353 1862 1555,25 Maiden Lane Floor No. 4 Dublin  Ireland,2,EMEA,Cassidy,Dean,Large
10221,33,100,3,4417.38,18-02-2004,Shipped,1,2,2004,Vintage Cars,136,S18_3140,Petit Auto,(02) 5554 67,Rue Joseph-Bens 532  Bruxelles  Belgium,B-1180,EMEA,Dewey,Catherine,Medium
10222,49,100,12,5997.6,19-02-2004,Shipped,1,2,2004,Classic Cars,136,S10_4757,Collectable Mini Designs Co.,7605558146,361 Furth Circle  San Diego CA USA,91217,NA,Thompson,Valarie,Medium
10223,37,100,1,3965.66,20-02-2004,Shipped,1,2,2004,Motorcycles,95,S10_1678,"Australian Collectors, Co.",03 9520 4555,636 St Kilda Road Level 3 Melbourne Victoria Australia,3004,APAC,Ferguson,Peter,Medium
10224,43,100,6,6087.94,21-02-2004,Shipped,1,2,2004,Motorcycles,150,S12_2823,Daedalus Designs Imports,20.16.1555,"184, chausse de Tournai  Lille  France",59000,EMEA,Rance,Martine,Medium
10225,27,100,9,4517.91,22-02-2004,Shipped,1,2,2004,Classic Cars,194,S12_1099,"Vida Sport, Ltd",0897-034555,Grenzacherweg 237  Gensve  Switzerland,1203,EMEA,Holz,Michael,Medium
10226,38,100,4,4161.38,26-02-2004,Shipped,1,2,2004,Classic Cars,124,S18_1589,Collectable Mini Designs Co.,7605558146,361 Furth Circle  San Diego CA USA,91217,NA,Thompson,Valarie,Medium
10227,25,100,3,2953.75,02-03-2004,Shipped,1,3,2004,Vintage Cars,102,S18_1342,"Saveley & Henriot, Co.",78.32.5555,"2, rue du Commerce  Lyon  France",69004,EMEA,Saveley,Mary,Small
10228,29,100,2,6463.23,10-03-2004,Shipped,1,3,2004,Classic Cars,214,S10_1949,Cambridge Collectables Co.,6175555555,4658 Baden Av.  Cambridge MA USA,51247,NA,Tseng,Kyung,Medium
10229,50,100,9,6426.5,11-03-2004,Shipped,1,3,2004,Classic Cars,147,S10_4962,Mini Gifts Distributors Ltd.,4155551450,5677 Strong St.  San Rafael CA USA,97562,NA,Nelson,Valarie,Medium
10230,43,100,1,7016.31,15-03-2004,Shipped,1,3,2004,Classic Cars,151,S12_3148,"Blauer See Auto, Co.",+49 69 66 90 2555,Lyonerstr. 34  Frankfurt  Germany,60528,EMEA,Keitel,Roland,Large
10231,42,100,2,8378.58,19-03-2004,Shipped,1,3,2004,Classic Cars,207,S12_1108,CAF Imports,+34 913 728 555,"Merchants House, 27-30 Merchant's Quay  Madrid  Spain",28023,EMEA,Fernandez,Jesus,Large
10232,22,100,6,3606.02,20-03-2004,Shipped,1,3,2004,Vintage Cars,136,S18_3140,giftsbymail.co.uk,(198) 555-8888,Garden House Crowther Way  Cowes Isle of Wight UK,PO31 7PJ,EMEA,Bennett,Helen,Medium
10233,40,94.71,2,3788.4,29-03-2004,Shipped,1,3,2004,Vintage Cars,88,S24_3151,Tekni Collectables Inc.,2015559350,7476 Moss Rd.  Newark NJ USA,94019,NA,Brown,William,Medium
10235,24,76.03,3,1824.72,02-04-2004,Shipped,2,4,2004,Planes,84,S18_2581,"Royal Canadian Collectables, Ltd.",(604) 555-4555,23 Tsawassen Blvd.  Tsawassen BC Canada,T2F 8M4,NA,Lincoln,Elizabeth,Small
10236,22,100,1,2852.08,03-04-2004,Shipped,2,4,2004,Motorcycles,118,S10_2016,Motor Mint Distributors Inc.,2155559857,11328 Douglas Av.  Philadelphia PA USA,71270,NA,Hernandez,Rosa,Small
10237,23,100,7,2333.12,05-04-2004,Shipped,2,4,2004,Motorcycles,95,S10_1678,Vitachrome Inc.,2125551500,2678 Kingston Rd. Suite 101 NYC NY USA,10022,NA,Frick,Michael,Small
10238,28,100,3,5774.72,09-04-2004,Shipped,2,4,2004,Classic Cars,194,S12_1099,Danish Wholesale Imports,31 12 3555,Vinb'ltet 34  Kobenhavn  Denmark,1734,EMEA,Petersen,Jytte,Medium
10239,21,93.28,5,1958.88,12-04-2004,Shipped,2,4,2004,Classic Cars,115,S12_4675,"Oulu Toy Supplies, Inc.",981-443655,Torikatu 38  Oulu  Finland,90110,EMEA,Koskitalo,Pirkko,Small
10240,41,100,3,5628.89,13-04-2004,Shipped,2,4,2004,Classic Cars,141,S18_1129,Osaka Souveniers Co.,+81 06 6342 5555,"Dojima Avanza 4F, 1-6-20 Dojima, Kita-ku  Osaka Osaka Japan",530-0003,Japan,Kentary,Mory,Medium
10241,21,100,11,2508.66,13-04-2004,Shipped,2,4,2004,Classic Cars,124,S18_1589,Mini Caravy,88.60.1555,"24, place Kluber  Strasbourg  France",67000,EMEA,Citeaux,Frederique,Small
10242,46,36.93,1,1698.78,20-04-2004,Shipped,2,4,2004,Vintage Cars,41,S24_3969,Microscale Inc.,2125551957,5290 North Pendale Street Suite 200 NYC NY USA,10022,NA,Kuo,Kee,Small
10243,47,100,2,6154.18,26-04-2004,Shipped,2,4,2004,Vintage Cars,127,S18_2325,Diecast Collectables,6175552555,6251 Ingle Ln.  Boston MA USA,51003,NA,Franco,Valarie,Medium
10244,40,100,7,4684.8,29-04-2004,Shipped,2,4,2004,Vintage Cars,102,S18_1342,Euro Shopping Channel,(91) 555 94 44,"C/ Moralzarzal, 86  Madrid  Spain",28034,EMEA,Freyre,Diego,Medium
10245,34,100,9,6120.34,04-05-2004,Shipped,2,5,2004,Classic Cars,214,S10_1949,Super Scale Inc.,2035559545,567 North Pendale Street  New Haven CT USA,97823,NA,Murphy,Leslie,Medium
10247,44,100,2,10606.2,05-05-2004,Shipped,2,5,2004,Classic Cars,207,S12_1108,Suominen Souveniers,+358 9 8045 555,"Software Engineering Center, SEC Oy  Espoo  Finland",FIN-02271,EMEA,Suominen,Kalle,Large
10246,46,100,5,5069.66,05-05-2004,Shipped,2,5,2004,Trucks and Buses,118,S12_4473,Euro Shopping Channel,(91) 555 94 44,"C/ Moralzarzal, 86  Madrid  Spain",28034,EMEA,Freyre,Diego,Medium
10248,20,100,3,2910.4,07-05-2004,Cancelled,2,5,2004,Classic Cars,136,S10_4757,Land of Toys Inc.,2125557818,897 Long Airport Avenue  NYC NY USA,10022,NA,Yu,Kwai,Small
10249,46,100,5,5600.5,08-05-2004,Shipped,2,5,2004,Vintage Cars,105,S18_3856,Cambridge Collectables Co.,6175555555,4658 Baden Av.  Cambridge MA USA,51247,NA,Tseng,Kyung,Medium
10250,45,100,14,8160.3,11-05-2004,Shipped,2,5,2004,Planes,157,S18_1662,The Sharp Gifts Warehouse,4085553659,3086 Ingle Ln.  San Jose CA USA,94217,NA,Frick,Sue,Large
10251,28,100,2,3188.64,18-05-2004,Shipped,2,5,2004,Motorcycles,95,S10_1678,Tekni Collectables Inc.,2015559350,7476 Moss Rd.  Newark NJ USA,94019,NA,Brown,William,Medium
10252,20,76.39,2,1527.8,26-05-2004,Shipped,2,5,2004,Classic Cars,80,S18_3278,Auto Canal Petit,(1) 47.55.6555,"25, rue Lauriston  Paris  France",75016,EMEA,Perrier,Dominique,Small
10253,24,100,13,3922.56,01-06-2004,Cancelled,2,6,2004,Classic Cars,194,S12_1099,"UK Collectables, Ltd.",(171) 555-2282,Berkeley Gardens 12  Brewery  Liverpool  UK,WX1 6LT,EMEA,Devon,Elizabeth,Medium
10255,24,100,1,3726,04-06-2004,Shipped,2,6,2004,Vintage Cars,168,S18_2795,Mini Caravy,88.60.1555,"24, place Kluber  Strasbourg  France",67000,EMEA,Citeaux,Frederique,Medium
10256,34,95.55,2,3248.7,08-06-2004,Shipped,2,6,2004,Vintage Cars,102,S18_1342,Danish Wholesale Imports,31 12 3555,Vinb'ltet 34  Kobenhavn  Denmark,1734,EMEA,Petersen,Jytte,Medium
10257,50,88.14,1,4407,14-06-2004,Shipped,2,6,2004,Vintage Cars,101,S18_2949,The Sharp Gifts Warehouse,4085553659,3086 Ingle Ln.  San Jose CA USA,94217,NA,Frick,Sue,Medium
10259,26,100,12,4033.38,15-06-2004,Shipped,2,6,2004,Classic Cars,147,S10_4962,Handji Gifts& Co,+65 224 1555,Village Close - 106 Linden Road Sandown 2nd Floor Singapore  Singapore,69045,APAC,Victorino,Wendy,Medium
10258,32,100,6,7680.64,15-06-2004,Shipped,2,6,2004,Classic Cars,214,S10_1949,"Tokyo Collectables, Ltd",+81 3 3584 0555,2-2-8 Roppongi  Minato-ku Tokyo Japan,106-0032,Japan,Shimamura,Akiko,Large
10261,27,100,1,3378.24,17-06-2004,Shipped,2,6,2004,Classic Cars,136,S10_4757,Quebec Home Shopping Network,(514) 555-8054,43 rue St. Laurent  Montreal Quebec Canada,H1J 1C3,NA,Fresnisre,Jean,Medium
10262,49,100,9,6567.96,24-06-2004,Cancelled,2,6,2004,Planes,157,S18_1662,Euro Shopping Channel,(91) 555 94 44,"C/ Moralzarzal, 86  Madrid  Spain",28034,EMEA,Freyre,Diego,Medium
10263,34,100,2,3676.76,28-06-2004,Shipped,2,6,2004,Motorcycles,95,S10_1678,Gift Depot Inc.,2035552570,25593 South Bay Ln.  Bridgewater CT USA,97562,NA,King,Julie,Medium
10264,48,54.71,3,2626.08,30-06-2004,Shipped,2,6,2004,Motorcycles,62,S18_3782,Gifts4AllAges.com,6175559555,8616 Spinnaker Dr.  Boston MA USA,51003,NA,Yoshido,Juri,Small
10265,45,86.84,2,3907.8,02-07-2004,Shipped,3,7,2004,Classic Cars,80,S18_3278,"Australian Collectables, Ltd",61-9-3844-6555,7 Allen Street  Glen Waverly Victoria Australia,3150,APAC,Connery,Sean,Medium
10266,44,100,14,9160.36,06-07-2004,Shipped,3,7,2004,Classic Cars,194,S12_1099,L'ordine Souveniers,0522-556555,Strada Provinciale 124  Reggio Emilia  Italy,42100,EMEA,Moroni,Maurizio,Large
10267,36,75.55,1,2719.8,07-07-2004,Shipped,3,7,2004,Classic Cars,71,S18_4933,Muscle Machine Inc,2125557413,4092 Furth Circle Suite 400 NYC NY USA,10022,NA,Young,Jeff,Small
10269,32,63.08,1,2018.56,16-07-2004,Shipped,3,7,2004,Vintage Cars,62,S18_2957,Salzburg Collectables,6562-9555,Geislweg 14  Salzburg  Austria,5020,EMEA,Pipps,Georg,Small
10270,21,100,9,4905.39,19-07-2004,Shipped,3,7,2004,Classic Cars,214,S10_1949,Souveniers And Things Co.,+61 2 9495 8555,"Monitor Money Building, 815 Pacific Hwy Level 6 Chatswood NSW Australia",2067,APAC,Huxley,Adrian,Medium
10272,35,100,2,5818.4,20-07-2004,Shipped,3,7,2004,Classic Cars,207,S12_1108,Diecast Classics Inc.,2155551555,7586 Pompton St.  Allentown PA USA,70267,NA,Yu,Kyung,Medium
10271,31,97.17,5,3012.27,20-07-2004,Shipped,3,7,2004,Trucks and Buses,118,S12_4473,Mini Gifts Distributors Ltd.,4155551450,5677 Strong St.  San Rafael CA USA,97562,NA,Nelson,Valarie,Medium
10273,30,100,4,3508.8,21-07-2004,Shipped,3,7,2004,Classic Cars,136,S10_4757,Petit Auto,(02) 5554 67,Rue Joseph-Bens 532  Bruxelles  Belgium,B-1180,EMEA,Dewey,Catherine,Medium
10274,41,100,1,6724,21-07-2004,Shipped,3,7,2004,Planes,157,S18_1662,Collectables For Less Inc.,6175558555,7825 Douglas Av.  Brickhaven MA USA,58339,NA,Nelson,Allen,Medium
10275,45,92.83,1,4177.35,23-07-2004,Shipped,3,7,2004,Motorcycles,95,S10_1678,La Rochelle Gifts,40.67.8555,"67, rue des Cinquante Otages  Nantes  France",44000,EMEA,Labrune,Janine,Medium
10276,50,100,3,9631,02-08-2004,Shipped,3,8,2004,Classic Cars,194,S12_1099,Online Mini Collectables,6175557555,7635 Spinnaker Dr.  Brickhaven MA USA,58339,NA,Barajas,Miguel,Large
10277,28,100,1,3127.88,04-08-2004,Shipped,3,8,2004,Classic Cars,115,S12_4675,"Dragon Souveniers, Ltd.",+65 221 7555,"Bronz Sok., Bronz Apt. 3/6 Tesvikiye  Singapore  Singapore",79903,Japan,Natividad,Eric,Medium
10278,34,100,6,4667.86,06-08-2004,Shipped,3,8,2004,Classic Cars,141,S18_1129,Signal Gift Stores,7025551838,8489 Strong St.  Las Vegas NV USA,83030,NA,King,Sue,Medium
10279,26,60.58,1,1575.08,09-08-2004,Shipped,3,8,2004,Classic Cars,71,S18_4933,Euro Shopping Channel,(91) 555 94 44,"C/ Moralzarzal, 86  Madrid  Spain",28034,EMEA,Freyre,Diego,Small
10280,34,100,2,8014.82,17-08-2004,Shipped,3,8,2004,Classic Cars,214,S10_1949,Amica Models & Co.,011-4988555,Via Monte Bianco 34  Torino  Italy,10100,EMEA,Accorti,Paolo,Large
10281,44,100,9,7020.64,19-08-2004,Shipped,3,8,2004,Classic Cars,147,S10_4962,Diecast Classics Inc.,2155551555,7586 Pompton St.  Allentown PA USA,70267,NA,Yu,Kyung,Large
10283,25,100,6,2992,20-08-2004,Shipped,3,8,2004,Classic Cars,136,S10_4757,"Royal Canadian Collectables, Ltd.",(604) 555-4555,23 Tsawassen Blvd.  Tsawassen BC Canada,T2F 8M4,NA,Lincoln,Elizabeth,Small
10282,41,100,5,7071.27,20-08-2004,Shipped,3,8,2004,Classic Cars,207,S12_1108,Mini Gifts Distributors Ltd.,4155551450,5677 Strong St.  San Rafael CA USA,97562,NA,Nelson,Valarie,Large
10284,45,100,11,5747.85,21-08-2004,Shipped,3,8,2004,Planes,157,S18_1662,"Norway Gifts By Mail, Co.",+47 2212 1555,"Drammensveien 126 A, PB 744 Sentrum  Oslo  Norway",N 0106,EMEA,Klaeboe,Jan,Medium
10285,36,100,6,4099.68,27-08-2004,Shipped,3,8,2004,Motorcycles,95,S10_1678,Marta's Replicas Co.,6175558555,39323 Spinnaker Dr.  Cambridge MA USA,51247,NA,Hernandez,Marta,Medium
10286,38,57.2,1,2173.6,28-08-2004,Shipped,3,8,2004,Motorcycles,62,S18_3782,"La Corne D'abondance, Co.",(1) 42.34.2555,"265, boulevard Charonne  Paris  France",75012,EMEA,Bertrand,Marie,Small
10287,21,100,12,3432.24,30-08-2004,Shipped,3,8,2004,Classic Cars,194,S12_1099,"Vida Sport, Ltd",0897-034555,Grenzacherweg 237  Gensve  Switzerland,1203,EMEA,Holz,Michael,Medium
10288,20,100,14,2936.8,01-09-2004,Shipped,3,9,2004,Classic Cars,124,S18_1589,Handji Gifts& Co,+65 224 1555,Village Close - 106 Linden Road Sandown 2nd Floor Singapore  Singapore,69045,APAC,Victorino,Wendy,Small
10289,38,100,2,4567.98,03-09-2004,Shipped,3,9,2004,Vintage Cars,102,S18_1342,Herkku Gifts,+47 2267 3215,"Drammen 121, PR 744 Sentrum  Bergen  Norway",N 5804,EMEA,Oeztan,Veysel,Medium
10290,26,96.23,2,2501.98,07-09-2004,Shipped,3,9,2004,Vintage Cars,99,S18_3320,Auto-Moto Classics Inc.,6175558428,16780 Pompton St.  Brickhaven MA USA,58339,NA,Taylor,Leslie,Small
10291,37,100,11,7136.19,08-09-2004,Shipped,3,9,2004,Classic Cars,214,S10_1949,Scandinavian Gift Ideas,0695-34 6555,?kergatan 24  Boras  Sweden,S-844 67,EMEA,Larsson,Maria,Large
10292,21,100,8,2214.87,08-09-2004,Shipped,3,9,2004,Trucks and Buses,118,S12_4473,Land of Toys Inc.,2125557818,897 Long Airport Avenue  NYC NY USA,10022,NA,Yu,Kwai,Small
10293,46,100,8,8411.56,09-09-2004,Shipped,3,9,2004,Classic Cars,207,S12_1108,Amica Models & Co.,011-4988555,Via Monte Bianco 34  Torino  Italy,10100,EMEA,Accorti,Paolo,Large
10295,24,100,1,3427.2,10-09-2004,Shipped,3,9,2004,Classic Cars,136,S10_4757,Gifts4AllAges.com,6175559555,8616 Spinnaker Dr.  Boston MA USA,51003,NA,Yoshido,Juri,Medium
10294,45,100,1,4692.6,10-09-2004,Shipped,3,9,2004,Ships,99,S700_3962,Online Mini Collectables,6175557555,7635 Spinnaker Dr.  Brickhaven MA USA,58339,NA,Barajas,Miguel,Medium
10296,36,100,7,5676.84,15-09-2004,Shipped,3,9,2004,Planes,157,S18_1662,"Bavarian Collectables Imports, Co.",+49 89 61 08 9555,Hansastr. 15  Munich  Germany,80686,EMEA,Donnermeyer,Michael,Medium
10297,25,82.79,4,2069.75,16-09-2004,Shipped,3,9,2004,Planes,84,S18_2581,"Clover Collections, Co.",+353 1862 1555,25 Maiden Lane Floor No. 4 Dublin  Ireland,2,EMEA,Cassidy,Dean,Small
10298,39,96.34,1,3757.26,27-09-2004,Shipped,3,9,2004,Motorcycles,118,S10_2016,Atelier graphique,40.32.2555,"54, rue Royale  Nantes  France",44000,EMEA,Schmitt,Carine,Medium
10299,23,100,9,2597.39,30-09-2004,Shipped,3,9,2004,Motorcycles,95,S10_1678,"Toys of Finland, Co.",90-224 8555,Keskuskatu 45  Helsinki  Finland,21240,EMEA,Karttunen,Matti,Small
10303,46,49.04,2,2255.84,06-10-2004,Shipped,4,10,2004,Vintage Cars,60,S18_2248,"Iberia Gift Imports, Corp.",(95) 555 82 82,"C/ Romero, 33  Sevilla  Spain",41101,EMEA,Roel,Jose Pedro,Small
10304,47,100,6,10172.7,11-10-2004,Shipped,4,10,2004,Classic Cars,214,S10_1949,Auto Assoc. & Cie.,30.59.8555,"67, avenue de l'Europe  Versailles  France",78000,EMEA,Tonini,Daniel,Large
10305,38,100,13,6680.78,13-10-2004,Shipped,4,10,2004,Classic Cars,147,S10_4962,Marta's Replicas Co.,6175558555,39323 Spinnaker Dr.  Cambridge MA USA,51247,NA,Hernandez,Marta,Medium
10306,31,100,13,6570.76,14-10-2004,Shipped,4,10,2004,Classic Cars,207,S12_1108,"AV Stores, Co.",(171) 555-1555,Fauntleroy Circus  Manchester  UK,EC2 5NT,EMEA,Ashworth,Victoria,Medium
10307,22,100,9,2692.8,14-10-2004,Shipped,4,10,2004,Classic Cars,136,S10_4757,"Classic Gift Ideas, Inc",2155554695,782 First Street  Philadelphia PA USA,71270,NA,Cervantes,Francisca,Small
10309,41,100,5,4394.38,15-10-2004,Shipped,4,10,2004,Motorcycles,95,S10_1678,Baane Mini Imports,07-98 9555,Erling Skakkes gate 78  Stavern  Norway,4110,EMEA,Bergulfsen,Jonas,Medium
10308,34,100,2,4043.96,15-10-2004,Shipped,4,10,2004,Motorcycles,118,S10_2016,Mini Classics,9145554562,3758 North Pendale Street  White Plains NY USA,24067,NA,Frick,Steve,Medium
10310,33,100,10,6934.62,16-10-2004,Shipped,4,10,2004,Classic Cars,194,S12_1099,"Toms Spezialitten, Ltd",0221-5554327,Mehrheimerstr. 369  Koln  Germany,50739,EMEA,Pfalzheim,Henriette,Medium
10311,29,100,9,2923.2,16-10-2004,Shipped,4,10,2004,Classic Cars,124,S18_1589,Euro Shopping Channel,(91) 555 94 44,"C/ Moralzarzal, 86  Madrid  Spain",28034,EMEA,Freyre,Diego,Small
10312,48,100,3,11623.7,21-10-2004,Shipped,4,10,2004,Classic Cars,214,S10_1949,Mini Gifts Distributors Ltd.,4155551450,5677 Strong St.  San Rafael CA USA,97562,NA,Nelson,Valarie,Large
10313,40,100,7,6678,22-10-2004,Shipped,4,10,2004,Classic Cars,147,S10_4962,Canadian Gift Exchange Network,(604) 555-3392,1900 Oak St.  Vancouver BC Canada,V3F 2K1,NA,Tannamuri,Yoshi,Medium
10314,38,100,5,7975.44,22-10-2004,Shipped,4,10,2004,Classic Cars,207,S12_1108,Heintze Collectables,86 21 3555,Smagsloget 45  Aaarhus  Denmark,8200,EMEA,Ibsen,Palle,Large
10315,36,100,7,3602.16,29-10-2004,Shipped,4,10,2004,Vintage Cars,87,S18_4522,La Rochelle Gifts,40.67.8555,"67, rue des Cinquante Otages  Nantes  France",44000,EMEA,Labrune,Janine,Medium
10316,33,100,17,4128.96,01-11-2004,Shipped,4,11,2004,Classic Cars,136,S10_4757,giftsbymail.co.uk,(198) 555-8888,Garden House Crowther Way  Cowes Isle of Wight UK,PO31 7PJ,EMEA,Bennett,Helen,Medium
10348,48,52.36,8,2513.28,01-11-2004,Shipped,4,11,2004,Classic Cars,207,S12_1108,"Corrida Auto Replicas, Ltd",(91) 555 22 82,"C/ Araquil, 67  Madrid  Spain",28023,EMEA,Sommer,Mart¡n,Small
10318,46,94.74,1,4358.04,02-11-2004,Shipped,4,11,2004,Motorcycles,95,S10_1678,Diecast Classics Inc.,2155551555,7586 Pompton St.  Allentown PA USA,70267,NA,Yu,Kyung,Medium
10317,35,83.32,1,2916.2,02-11-2004,Shipped,4,11,2004,Planes,72,S24_4278,Technics Stores Inc.,6505556809,9408 Furth Circle  Burlingame CA USA,94217,NA,Hirano,Juri,Small
10320,31,100,3,6876.11,03-11-2004,Shipped,4,11,2004,Classic Cars,194,S12_1099,"Volvo Model Replicas, Co",0921-12 3555,Berguvsv„gen  8  Lule  Sweden,S-958 22,EMEA,Berglund,Christina,Medium
10319,30,100,9,4111.8,03-11-2004,Shipped,4,11,2004,Motorcycles,150,S12_2823,Microscale Inc.,2125551957,5290 North Pendale Street Suite 200 NYC NY USA,10022,NA,Kuo,Kee,Medium
10322,40,100,1,6000.4,04-11-2004,Shipped,4,11,2004,Classic Cars,214,S10_1949,Online Diecast Creations Co.,6035558647,2304 Long Airport Avenue  Nashua NH USA,62005,NA,Young,Valarie,Medium
10321,24,100,15,2984.88,04-11-2004,Shipped,4,11,2004,Classic Cars,115,S12_4675,FunGiftIdeas.com,5085552555,1785 First Street  New Bedford MA USA,50553,NA,Benitez,Violeta,Small
10325,47,64.93,6,3051.71,05-11-2004,Shipped,4,11,2004,Classic Cars,136,S10_4757,Baane Mini Imports,07-98 9555,Erling Skakkes gate 78  Stavern  Norway,4110,EMEA,Bergulfsen,Jonas,Medium
10324,27,54.33,1,1466.91,05-11-2004,Shipped,4,11,2004,Classic Cars,151,S12_3148,Vitachrome Inc.,2125551500,2678 Kingston Rd. Suite 101 NYC NY USA,10022,NA,Frick,Michael,Small
10323,33,91.27,2,3011.91,05-11-2004,Shipped,4,11,2004,Vintage Cars,99,S18_3320,"Blauer See Auto, Co.",+49 69 66 90 2555,Lyonerstr. 34  Frankfurt  Germany,60528,EMEA,Keitel,Roland,Medium
10326,32,100,6,3807.68,09-11-2004,Shipped,4,11,2004,Trains,100,S18_3259,"Volvo Model Replicas, Co",0921-12 3555,Berguvsv„gen  8  Lule  Sweden,S-958 22,EMEA,Berglund,Christina,Medium
10327,25,100,6,2804.75,10-11-2004,Resolved,4,11,2004,Planes,157,S18_1662,Danish Wholesale Imports,31 12 3555,Vinb'ltet 34  Kobenhavn  Denmark,1734,EMEA,Petersen,Jytte,Small
10328,34,100,6,3815.48,12-11-2004,Shipped,4,11,2004,Vintage Cars,105,S18_3856,Rovelli Gifts,035-640555,Via Ludovico il Moro 22  Bergamo  Italy,24100,EMEA,Rovelli,Giovanni,Medium
10329,42,100,1,4396.14,15-11-2004,Shipped,4,11,2004,Motorcycles,95,S10_1678,Land of Toys Inc.,2125557818,897 Long Airport Avenue  NYC NY USA,10022,NA,Yu,Kwai,Medium
10330,37,100,3,4405.22,16-11-2004,Shipped,4,11,2004,Classic Cars,146,S18_3482,Cruz & Sons Co.,+63 2 555 3587,15 McCallum Street - NatWest Center #13-03  Makati City  Philippines,1227 MM,Japan,Cruz,Arnold,Medium
10331,46,100,6,6434.02,17-11-2004,Shipped,4,11,2004,Classic Cars,141,S18_1129,Motor Mint Distributors Inc.,2155559857,11328 Douglas Av.  Philadelphia PA USA,71270,NA,Hernandez,Rosa,Medium
10332,46,95.13,15,4375.98,17-11-2004,Shipped,4,11,2004,Vintage Cars,102,S18_1342,"AV Stores, Co.",(171) 555-1555,Fauntleroy Circus  Manchester  UK,EC2 5NT,EMEA,Ashworth,Victoria,Medium
10333,26,100,3,3003,18-11-2004,Shipped,4,11,2004,Classic Cars,214,S10_1949,Mini Wheels Co.,6505555787,5557 North Pendale Street  San Francisco CA USA,25712,NA,Murphy,Julie,Medium
10334,26,100,2,3188.12,19-11-2004,On Hold,4,11,2004,Classic Cars,147,S10_4962,"Volvo Model Replicas, Co",0921-12 3555,Berguvsv„gen  8  Lule  Sweden,S-958 22,EMEA,Berglund,Christina,Medium
10335,33,37.13,2,1225.29,19-11-2004,Shipped,4,11,2004,Classic Cars,35,S24_2840,Mini Gifts Distributors Ltd.,4155551450,5677 Strong St.  San Rafael CA USA,97562,NA,Nelson,Valarie,Small
10336,33,57.22,10,1888.26,20-11-2004,Shipped,4,11,2004,Classic Cars,207,S12_1108,"La Corne D'abondance, Co.",(1) 42.34.2555,"265, boulevard Charonne  Paris  France",75012,EMEA,Bertrand,Marie,Small
10337,25,48.05,8,1201.25,21-11-2004,Shipped,4,11,2004,Classic Cars,136,S10_4757,Classic Legends Inc.,2125558493,5905 Pompton St. Suite 750 NYC NY USA,10022,NA,Hernandez,Maria,Small
10338,41,100,1,5624.79,22-11-2004,Shipped,4,11,2004,Planes,157,S18_1662,Royale Belge,(071) 23 67 2555,"Boulevard Tirou, 255  Charleroi  Belgium",B-6000,EMEA,Cartrain,Pascale,Medium
10339,40,68.92,4,2756.8,23-11-2004,Shipped,4,11,2004,Motorcycles,118,S10_2016,"Tokyo Collectables, Ltd",+81 3 3584 0555,2-2-8 Roppongi  Minato-ku Tokyo Japan,106-0032,Japan,Shimamura,Akiko,Small
10342,40,100,2,6454.4,24-11-2004,Shipped,4,11,2004,Classic Cars,141,S18_1129,"Australian Collectors, Co.",03 9520 4555,636 St Kilda Road Level 3 Melbourne Victoria Australia,3004,APAC,Ferguson,Peter,Medium
10343,36,100,4,5848.92,24-11-2004,Shipped,4,11,2004,Classic Cars,124,S18_1589,Reims Collectables,26.47.1555,59 rue de l'Abbaye  Reims  France,51100,EMEA,Henriot,Paul,Medium
10341,41,100,9,7737.93,24-11-2004,Shipped,4,11,2004,Motorcycles,95,S10_1678,Salzburg Collectables,6562-9555,Geislweg 14  Salzburg  Austria,5020,EMEA,Pipps,Georg,Large
10340,55,79.98,8,4398.9,24-11-2004,Shipped,4,11,2004,Motorcycles,76,S24_2000,Enaco Distributors,(93) 203 4555,"Rambla de Catalu¤a, 23  Barcelona  Spain",8022,EMEA,Saavedra,Eduardo,Medium
10344,45,100,1,7650,25-11-2004,Shipped,4,11,2004,Vintage Cars,170,S18_1749,Marseille Mini Autos,91.24.4555,"12, rue des Bouchers  Marseille  France",13008,EMEA,Lebihan,Laurence,Large
10345,43,53.76,1,2311.68,25-11-2004,Shipped,4,11,2004,Vintage Cars,44,S24_2022,Atelier graphique,40.32.2555,"54, rue Royale  Nantes  France",44000,EMEA,Schmitt,Carine,Small
10347,30,100,1,3944.7,29-11-2004,Shipped,4,11,2004,Classic Cars,214,S10_1949,"Australian Collectors, Co.",03 9520 4555,636 St Kilda Road Level 3 Melbourne Victoria Australia,3004,APAC,Ferguson,Peter,Medium
10346,42,36.11,3,1516.62,29-11-2004,Shipped,4,11,2004,Vintage Cars,102,S18_1342,Signal Gift Stores,7025551838,8489 Strong St.  Las Vegas NV USA,83030,NA,King,Sue,Small
10349,26,100,10,4408.56,01-12-2004,Shipped,4,12,2004,Classic Cars,173,S12_3891,Muscle Machine Inc,2125557413,4092 Furth Circle Suite 400 NYC NY USA,10022,NA,Young,Jeff,Medium
10350,26,75.47,5,1962.22,02-12-2004,Shipped,4,12,2004,Classic Cars,136,S10_4757,Euro Shopping Channel,(91) 555 94 44,"C/ Moralzarzal, 86  Madrid  Spain",28034,EMEA,Freyre,Diego,Small
10352,23,100,3,2352.67,03-12-2004,Shipped,4,12,2004,Ships,90,S700_2047,Auto-Moto Classics Inc.,6175558428,16780 Pompton St.  Brickhaven MA USA,58339,NA,Taylor,Leslie,Small
10351,39,99.52,1,3881.28,03-12-2004,Shipped,4,12,2004,Planes,157,S18_1662,"Stylish Desk Decors, Co.",(171) 555-0297,35 King George  London  UK,WX3 6FW,EMEA,Brown,Ann,Medium
10353,27,100,1,3515.67,04-12-2004,Shipped,4,12,2004,Planes,84,S18_2581,Gift Ideas Corp.,2035554407,2440 Pompton St.  Glendale CT USA,97561,NA,Lewis,Dan,Medium
10355,23,100,7,3177.91,07-12-2004,Shipped,4,12,2004,Classic Cars,146,S18_3482,Euro Shopping Channel,(91) 555 94 44,"C/ Moralzarzal, 86  Madrid  Spain",28034,EMEA,Freyre,Diego,Medium
10356,43,97.6,8,4196.8,09-12-2004,Shipped,4,12,2004,Classic Cars,141,S18_1129,Lyon Souveniers,+33 1 46 62 7555,27 rue du Colonel Pierre Avia  Paris  France,75508,EMEA,Da Cunha,Daniel,Medium
10357,32,100,10,5691.84,10-12-2004,Shipped,4,12,2004,Classic Cars,214,S10_1949,Mini Gifts Distributors Ltd.,4155551450,5677 Strong St.  San Rafael CA USA,97562,NA,Nelson,Valarie,Medium
10358,49,55.34,5,2711.66,10-12-2004,Shipped,4,12,2004,Classic Cars,151,S12_3148,Euro Shopping Channel,(91) 555 94 44,"C/ Moralzarzal, 86  Madrid  Spain",28034,EMEA,Freyre,Diego,Small
10359,48,54.68,6,2624.64,15-12-2004,Shipped,4,12,2004,Classic Cars,136,S10_4757,Reims Collectables,26.47.1555,59 rue de l'Abbaye  Reims  France,51100,EMEA,Henriot,Paul,Small
10361,20,72.55,13,1451,17-12-2004,Shipped,4,12,2004,Motorcycles,95,S10_1678,Souveniers And Things Co.,+61 2 9495 8555,"Monitor Money Building, 815 Pacific Hwy Level 6 Chatswood NSW Australia",2067,APAC,Huxley,Adrian,Small
10362,22,100,4,3664.1,05-01-2005,Shipped,1,1,2005,Motorcycles,193,S10_4698,Technics Stores Inc.,6505556809,9408 Furth Circle  Burlingame CA USA,94217,NA,Hirano,Juri,Medium
10363,33,85.39,3,2817.87,06-01-2005,Shipped,1,1,2005,Classic Cars,194,S12_1099,Suominen Souveniers,+358 9 8045 555,"Software Engineering Center, SEC Oy  Espoo  Finland",FIN-02271,EMEA,Suominen,Kalle,Small
10364,48,48.28,1,2317.44,06-01-2005,Shipped,1,1,2005,Motorcycles,40,S32_2206,Marseille Mini Autos,91.24.4555,"12, rue des Bouchers  Marseille  France",13008,EMEA,Lebihan,Laurence,Small
10365,30,87.06,1,2611.8,07-01-2005,Shipped,1,1,2005,Classic Cars,141,S18_1129,Mini Creations Ltd.,5085559555,4575 Hillside Dr.  New Bedford MA USA,50553,NA,Tam,Wing C,Small
10366,34,100,3,4207.84,10-01-2005,Shipped,1,1,2005,Classic Cars,142,S18_1984,Royale Belge,(071) 23 67 2555,"Boulevard Tirou, 255  Charleroi  Belgium",B-6000,EMEA,Cartrain,Pascale,Medium
10367,49,56.3,1,2758.7,12-01-2005,Resolved,1,1,2005,Classic Cars,124,S18_1589,Toys4GrownUps.com,6265557265,78934 Hillside Dr.  Pasadena CA USA,90003,NA,Young,Julie,Small
10368,40,100,2,4107.2,19-01-2005,Shipped,1,1,2005,Classic Cars,90,S24_2766,Mini Gifts Distributors Ltd.,4155551450,5677 Strong St.  San Rafael CA USA,97562,NA,Nelson,Valarie,Medium
10369,41,100,2,4514.92,20-01-2005,Shipped,1,1,2005,Classic Cars,214,S10_1949,Collectables For Less Inc.,6175558555,7825 Douglas Av.  Brickhaven MA USA,58339,NA,Nelson,Allen,Medium
10370,35,65.63,4,2297.05,20-01-2005,Shipped,1,1,2005,Classic Cars,147,S10_4962,"Anna's Decorations, Ltd",02 9936 8555,201 Miller Street Level 15 North Sydney NSW Australia,2060,APAC,O'Hara,Anna,Small
10371,32,100,6,3560.64,23-01-2005,Shipped,1,1,2005,Classic Cars,207,S12_1108,Mini Gifts Distributors Ltd.,4155551450,5677 Strong St.  San Rafael CA USA,97562,NA,Nelson,Valarie,Medium
10372,40,100,4,5862,26-01-2005,Shipped,1,1,2005,Classic Cars,151,S12_3148,"Tokyo Collectables, Ltd",+81 3 3584 0555,2-2-8 Roppongi  Minato-ku Tokyo Japan,106-0032,Japan,Shimamura,Akiko,Medium
10373,39,100,3,4046.25,31-01-2005,Shipped,1,1,2005,Classic Cars,136,S10_4757,"Oulu Toy Supplies, Inc.",981-443655,Torikatu 38  Oulu  Finland,90110,EMEA,Koskitalo,Pirkko,Medium
10374,39,100,5,5288.01,02-02-2005,Shipped,1,2,2005,Motorcycles,118,S10_2016,"Australian Gift Network, Co",61-7-3844-6555,31 Duncan St. West End  South Brisbane Queensland Australia,4101,APAC,Calaghan,Tony,Medium
10375,21,34.91,12,733.11,03-02-2005,Shipped,1,2,2005,Motorcycles,95,S10_1678,La Rochelle Gifts,40.67.8555,"67, rue des Cinquante Otages  Nantes  France",44000,EMEA,Labrune,Janine,Small
10376,35,100,1,3987.2,08-02-2005,Shipped,1,2,2005,Classic Cars,117,S12_3380,Boards & Toys Co.,3105552373,4097 Douglas Av.  Glendale CA USA,92561,NA,Young,Leslie,Medium
10377,24,67.83,5,1627.92,09-02-2005,Shipped,1,2,2005,Classic Cars,79,S12_3990,"Toys of Finland, Co.",90-224 8555,Keskuskatu 45  Helsinki  Finland,21240,EMEA,Karttunen,Matti,Small
10379,39,100,2,5399.55,10-02-2005,Shipped,1,2,2005,Vintage Cars,170,S18_1749,Euro Shopping Channel,(91) 555 94 44,"C/ Moralzarzal, 86  Madrid  Spain",28034,EMEA,Freyre,Diego,Medium
10378,34,42.64,5,1449.76,10-02-2005,Shipped,1,2,2005,Classic Cars,124,S18_1589,Euro Shopping Channel,(91) 555 94 44,"C/ Moralzarzal, 86  Madrid  Spain",28034,EMEA,Freyre,Diego,Small
10380,27,93.16,13,2515.32,16-02-2005,Shipped,1,2,2005,Vintage Cars,102,S18_1342,Euro Shopping Channel,(91) 555 94 44,"C/ Moralzarzal, 86  Madrid  Spain",28034,EMEA,Freyre,Diego,Small
10382,34,100,10,3823.64,17-02-2005,Shipped,1,2,2005,Classic Cars,207,S12_1108,Mini Gifts Distributors Ltd.,4155551450,5677 Strong St.  San Rafael CA USA,97562,NA,Nelson,Valarie,Medium
10381,36,100,3,8254.8,17-02-2005,Shipped,1,2,2005,Classic Cars,214,S10_1949,Corporate Gift Ideas Co.,6505551386,7734 Strong St.  San Francisco CA USA,25712,NA,Brown,Julie,Large
10383,27,100,11,3843.99,22-02-2005,Shipped,1,2,2005,Trucks and Buses,122,S18_2319,Euro Shopping Channel,(91) 555 94 44,"C/ Moralzarzal, 86  Madrid  Spain",28034,EMEA,Freyre,Diego,Medium
10384,34,100,4,4846.7,23-02-2005,Shipped,1,2,2005,Classic Cars,136,S10_4757,Corporate Gift Ideas Co.,6505551386,7734 Strong St.  San Francisco CA USA,25712,NA,Brown,Julie,Medium
10385,37,85.54,2,3164.98,28-02-2005,Shipped,1,2,2005,Vintage Cars,83,S24_3816,Mini Gifts Distributors Ltd.,4155551450,5677 Strong St.  San Rafael CA USA,97562,NA,Nelson,Valarie,Medium
10386,25,54.57,7,1364.25,01-03-2005,Resolved,1,3,2005,Planes,157,S18_1662,Euro Shopping Channel,(91) 555 94 44,"C/ Moralzarzal, 86  Madrid  Spain",28034,EMEA,Freyre,Diego,Small
10387,44,94.9,1,4175.6,02-03-2005,Shipped,1,3,2005,Motorcycles,99,S32_1374,"Dragon Souveniers, Ltd.",+65 221 7555,"Bronz Sok., Bronz Apt. 3/6 Tesvikiye  Singapore  Singapore",79903,Japan,Natividad,Eric,Medium
10388,42,76.36,4,3207.12,03-03-2005,Shipped,1,3,2005,Motorcycles,95,S10_1678,FunGiftIdeas.com,5085552555,1785 First Street  New Bedford MA USA,50553,NA,Benitez,Violeta,Medium
10389,26,99.04,4,2575.04,03-03-2005,Shipped,1,3,2005,Classic Cars,194,S12_1099,Scandinavian Gift Ideas,0695-34 6555,?kergatan 24  Boras  Sweden,S-844 67,EMEA,Larsson,Maria,Small
10390,36,93.77,14,3375.72,04-03-2005,Shipped,1,3,2005,Classic Cars,141,S18_1129,Mini Gifts Distributors Ltd.,4155551450,5677 Strong St.  San Rafael CA USA,97562,NA,Nelson,Valarie,Medium
10391,24,100,4,2416.56,09-03-2005,Shipped,1,3,2005,Classic Cars,214,S10_1949,"Anna's Decorations, Ltd",02 9936 8555,201 Miller Street Level 15 North Sydney NSW Australia,2060,APAC,O'Hara,Anna,Small
10392,37,59.96,3,2218.52,10-03-2005,Shipped,1,3,2005,Vintage Cars,62,S18_2957,Mini Auto Werke,7675-3555,Kirchgasse 6  Graz  Austria,8010,EMEA,Mendel,Roland,Small
10394,22,100,5,3353.02,15-03-2005,Shipped,1,3,2005,Classic Cars,169,S18_3232,Euro Shopping Channel,(91) 555 94 44,"C/ Moralzarzal, 86  Madrid  Spain",28034,EMEA,Freyre,Diego,Medium
10395,32,100,2,3370.56,17-03-2005,Shipped,1,3,2005,Classic Cars,136,S10_4757,Lyon Souveniers,+33 1 46 62 7555,27 rue du Colonel Pierre Avia  Paris  France,75508,EMEA,Da Cunha,Daniel,Medium
10396,33,100,3,6109.29,23-03-2005,Shipped,1,3,2005,Classic Cars,173,S12_3891,Mini Gifts Distributors Ltd.,4155551450,5677 Strong St.  San Rafael CA USA,97562,NA,Nelson,Valarie,Medium
10397,32,80.55,5,2577.6,28-03-2005,Shipped,1,3,2005,Ships,86,S700_1938,Alpha Cognac,61.77.6555,1 rue Alsace-Lorraine  Toulouse  France,31000,EMEA,Roulet,Annette,Small
10398,33,100,11,4215.09,30-03-2005,Shipped,1,3,2005,Planes,157,S18_1662,Reims Collectables,26.47.1555,59 rue de l'Abbaye  Reims  France,51100,EMEA,Henriot,Paul,Medium
10400,64,100,9,9661.44,01-04-2005,Shipped,2,4,2005,Classic Cars,136,S10_4757,The Sharp Gifts Warehouse,4085553659,3086 Ingle Ln.  San Jose CA USA,94217,NA,Frick,Sue,Large
10401,42,76.03,3,3193.26,03-04-2005,On Hold,2,4,2005,Planes,84,S18_2581,Tekni Collectables Inc.,2015559350,7476 Moss Rd.  Newark NJ USA,94019,NA,Brown,William,Medium
10402,45,100,1,5833.8,07-04-2005,Shipped,2,4,2005,Motorcycles,118,S10_2016,Auto Canal Petit,(1) 47.55.6555,"25, rue Lauriston  Paris  France",75016,EMEA,Perrier,Dominique,Medium
10403,24,100,7,2434.56,08-04-2005,Shipped,2,4,2005,Motorcycles,95,S10_1678,"UK Collectables, Ltd.",(171) 555-2282,Berkeley Gardens 12  Brewery  Liverpool  UK,WX1 6LT,EMEA,Devon,Elizabeth,Small
10405,97,93.28,5,9048.16,14-04-2005,Shipped,2,4,2005,Classic Cars,115,S12_4675,Mini Caravy,88.60.1555,"24, place Kluber  Strasbourg  France",67000,EMEA,Citeaux,Frederique,Large
10406,61,100,3,8374.69,15-04-2005,Disputed,2,4,2005,Classic Cars,141,S18_1129,Danish Wholesale Imports,31 12 3555,Vinb'ltet 34  Kobenhavn  Denmark,1734,EMEA,Petersen,Jytte,Large
10407,59,100,11,7048.14,22-04-2005,On Hold,2,4,2005,Classic Cars,124,S18_1589,The Sharp Gifts Warehouse,4085553659,3086 Ingle Ln.  San Jose CA USA,94217,NA,Frick,Sue,Large
10408,15,36.93,1,553.95,22-04-2005,Shipped,2,4,2005,Vintage Cars,41,S24_3969,"Tokyo Collectables, Ltd",+81 3 3584 0555,2-2-8 Roppongi  Minato-ku Tokyo Japan,106-0032,Japan,Shimamura,Akiko,Small
10409,6,100,2,785.64,23-04-2005,Shipped,2,4,2005,Vintage Cars,127,S18_2325,Handji Gifts& Co,+65 224 1555,Village Close - 106 Linden Road Sandown 2nd Floor Singapore  Singapore,69045,APAC,Victorino,Wendy,Small
10411,23,100,9,4140.23,01-05-2005,Shipped,2,5,2005,Classic Cars,214,S10_1949,Quebec Home Shopping Network,(514) 555-8054,43 rue St. Laurent  Montreal Quebec Canada,H1J 1C3,NA,Fresnisre,Jean,Medium
10412,54,100,5,5951.34,03-05-2005,Shipped,2,5,2005,Trucks and Buses,118,S12_4473,Euro Shopping Channel,(91) 555 94 44,"C/ Moralzarzal, 86  Madrid  Spain",28034,EMEA,Freyre,Diego,Medium
10413,36,100,2,8677.8,05-05-2005,Shipped,2,5,2005,Classic Cars,207,S12_1108,Gift Depot Inc.,2035552570,25593 South Bay Ln.  Bridgewater CT USA,97562,NA,King,Julie,Large
10414,19,100,3,2764.88,06-05-2005,On Hold,2,5,2005,Classic Cars,136,S10_4757,Gifts4AllAges.com,6175559555,8616 Spinnaker Dr.  Boston MA USA,51003,NA,Yoshido,Juri,Small
10415,51,100,5,6209.25,09-05-2005,Disputed,2,5,2005,Vintage Cars,105,S18_3856,"Australian Collectables, Ltd",61-9-3844-6555,7 Allen Street  Glen Waverly Victoria Australia,3150,APAC,Connery,Sean,Medium
10416,24,100,14,4352.16,10-05-2005,Shipped,2,5,2005,Planes,157,S18_1662,L'ordine Souveniers,0522-556555,Strada Provinciale 124  Reggio Emilia  Italy,42100,EMEA,Moroni,Maurizio,Medium
10417,66,100,2,7516.08,13-05-2005,Disputed,2,5,2005,Motorcycles,95,S10_1678,Euro Shopping Channel,(91) 555 94 44,"C/ Moralzarzal, 86  Madrid  Spain",28034,EMEA,Freyre,Diego,Large
10419,12,100,13,1961.28,17-05-2005,Shipped,2,5,2005,Classic Cars,194,S12_1099,Salzburg Collectables,6562-9555,Geislweg 14  Salzburg  Austria,5020,EMEA,Pipps,Georg,Small
10420,37,100,5,5283.6,29-05-2005,In Process,2,5,2005,Vintage Cars,170,S18_1749,Souveniers And Things Co.,+61 2 9495 8555,"Monitor Money Building, 815 Pacific Hwy Level 6 Chatswood NSW Australia",2067,APAC,Huxley,Adrian,Medium
10421,35,100,1,5433.75,29-05-2005,In Process,2,5,2005,Vintage Cars,168,S18_2795,Mini Gifts Distributors Ltd.,4155551450,5677 Strong St.  San Rafael CA USA,97562,NA,Nelson,Valarie,Medium
10422,51,95.55,2,4873.05,30-05-2005,In Process,2,5,2005,Vintage Cars,102,S18_1342,Diecast Classics Inc.,2155551555,7586 Pompton St.  Allentown PA USA,70267,NA,Yu,Kyung,Medium
10423,10,88.14,1,881.4,30-05-2005,In Process,2,5,2005,Vintage Cars,101,S18_2949,Petit Auto,(02) 5554 67,Rue Joseph-Bens 532  Bruxelles  Belgium,B-1180,EMEA,Dewey,Catherine,Small
10424,50,100,6,12001,31-05-2005,In Process,2,5,2005,Classic Cars,214,S10_1949,Euro Shopping Channel,(91) 555 94 44,"C/ Moralzarzal, 86  Madrid  Spain",28034,EMEA,Freyre,Diego,Large
10425,38,100,12,5894.94,31-05-2005,In Process,2,5,2005,Classic Cars,147,S10_4962,La Rochelle Gifts,40.67.8555,"67, rue des Cinquante Otages  Nantes  France",44000,EMEA,Labrune,Janine,Medium
